question,theme,mentions,pct_of_answers
Q7 concern,Water use / scarcity,43,55.1
Q7 concern,Energy / electricity use,28,35.9
Q7 concern,Carbon / climate / pollution,22,28.2
Q7 concern,E-waste / resources,6,7.7
Q7 concern,Noise / heat,5,6.4
Q7 concern,Ecosystem / land impact,5,6.4
Q8 solution,Education & training,40,51.3
Q8 solution,Awareness campaigns / media,29,37.2
Q8 solution,Responsible / mindful use,27,34.6
Q8 solution,Policy / regulation,5,6.4
Q8 solution,Transparency / reporting,4,5.1
Q8 solution,Efficient / renewable tech,2,2.6
